layer,layer_type,ia_banks,weight_banks,oa_banks,total_cycles,memory_service_cycles,memory_stall_cycles,bank_conflict_count,bank_conflict_rate,hotspot_bank_ratio,idle_bank_ratio,max_bank_pressure,max_queue_depth,total_cycles_best,slowdown,ratio
Attn_Q_proj,Non-MoE,5,5,5,38208,38208,27264,42348,0.8787350597609562,0.1333333333333333,0.1333333333333333,1.2,1,37512,1.018554062699936,5:5:5
Attn_K_proj,Non-MoE,5,5,5,38208,38208,27264,42348,0.8787350597609562,0.1333333333333333,0.1333333333333333,1.2,1,37512,1.018554062699936,5:5:5
Attn_V_proj,Non-MoE,5,5,5,38208,38208,27264,42348,0.8787350597609562,0.1333333333333333,0.1333333333333333,1.2,1,37512,1.018554062699936,5:5:5
QKT_head,Non-MoE,5,5,5,7424,7424,3072,10584,0.8524484536082474,0.5333333333333333,0.5333333333333333,2.6,1,7144,1.0391937290033595,5:5:5
QKTV_head,Non-MoE,5,5,5,8544,8544,6208,9352,0.8802710843373494,0.5333333333333333,0.5333333333333333,2.6,1,8320,1.0269230769230768,5:5:5
Attn_O_proj,Non-MoE,5,5,5,38208,38208,27264,42348,0.8787350597609562,0.1333333333333333,0.1333333333333333,1.2,1,37512,1.018554062699936,5:5:5
Router_logits,Non-MoE,5,5,5,3520,3520,2464,3810,0.7964046822742475,0.5333333333333333,0.5333333333333333,2.6,1,3334,1.0557888422315538,5:5:5
MoE-E0-FF1,Expert-FF1,5,5,5,21492,21492,15336,27162,0.8496621621621622,0.4,0.4,2.2,1,21276,1.0101522842639594,5:5:5
MoE-E0-FF2,Expert-FF2,5,5,5,21912,21912,16512,26700,0.8531441717791411,0.4,0.4,2.2,1,21612,1.01388117712382,5:5:5
MoE-E1-FF1,Expert-FF1,5,5,5,3582,3582,2556,4131,0.8693181818181818,0.1333333333333333,0.1333333333333333,1.2,1,3528,1.0153061224489797,5:5:5
MoE-E1-FF2,Expert-FF2,5,5,5,3492,3492,2304,4230,0.8639705882352942,0.1333333333333333,0.1333333333333333,1.2,1,3456,1.0104166666666667,5:5:5
MoE-E2-FF1,Expert-FF1,5,5,5,30744,30744,21816,38376,0.8267838676318511,0.2666666666666666,0.2666666666666666,1.8,1,30312,1.0142517814726841,5:5:5
MoE-E2-FF2,Expert-FF2,5,5,5,31014,31014,23382,37782,0.8300817295017137,0.2666666666666666,0.2666666666666666,1.8,1,30474,1.0177200236266981,5:5:5
MoE-E3-FF1,Expert-FF1,5,5,5,3636,3636,2556,4152,0.8238095238095238,0.3333333333333333,0.3333333333333333,2.0,1,3618,1.0049751243781095,5:5:5
MoE-E3-FF2,Expert-FF2,5,5,5,3636,3636,2556,4152,0.8238095238095238,0.3333333333333333,0.3333333333333333,2.0,1,3618,1.0049751243781095,5:5:5
MoE-E4-FF1,Expert-FF1,5,5,5,15894,15894,11250,19728,0.8166915052160953,0.3333333333333333,0.3333333333333333,2.0,1,15642,1.0161104718066742,5:5:5
MoE-E4-FF2,Expert-FF2,5,5,5,15954,15954,11958,19464,0.8196058615462355,0.3333333333333333,0.3333333333333333,2.0,1,15654,1.0191644308164047,5:5:5
MoE-E5-FF1,Expert-FF1,5,5,5,8484,8484,6036,10584,0.8320754716981132,0.3333333333333333,0.3333333333333333,2.0,1,8376,1.012893982808023,5:5:5
MoE-E5-FF2,Expert-FF2,5,5,5,8562,8562,6330,10476,0.8346080305927343,0.3333333333333333,0.3333333333333333,2.0,1,8436,1.0149359886201992,5:5:5
MoE-E6-FF1,Expert-FF1,5,5,5,8265,8265,5835,9975,0.7888493475682088,0.4,0.4,2.2,1,8130,1.0166051660516606,5:5:5
MoE-E6-FF2,Expert-FF2,5,5,5,8274,8274,6168,9876,0.7928709055876686,0.4,0.4,2.2,1,8100,1.0214814814814814,5:5:5
MoE-E7-FF1,Expert-FF1,5,5,5,7605,7605,5355,9255,0.7900128040973111,0.4666666666666667,0.4666666666666667,2.4,1,7455,1.0201207243460764,5:5:5
MoE-E7-FF2,Expert-FF2,5,5,5,7578,7578,5652,9156,0.7931392931392931,0.4666666666666667,0.4666666666666667,2.4,1,7392,1.0251623376623376,5:5:5
Attn_Q_proj,Non-MoE,3,8,4,39360,39360,28416,43488,0.902390438247012,0.3333333333333333,0.3333333333333333,2.0,1,37512,1.0492642354446577,3:8:4
Attn_K_proj,Non-MoE,3,8,4,39360,39360,28416,43488,0.902390438247012,0.3333333333333333,0.3333333333333333,2.0,1,37512,1.0492642354446577,3:8:4
Attn_V_proj,Non-MoE,3,8,4,39360,39360,28416,43488,0.902390438247012,0.3333333333333333,0.3333333333333333,2.0,1,37512,1.0492642354446577,3:8:4
QKT_head,Non-MoE,3,8,4,7680,7680,3328,10944,0.8814432989690721,0.6,0.6,3.25,1,7144,1.0750279955207167,3:8:4
QKTV_head,Non-MoE,3,8,4,8800,8800,6464,9600,0.9036144578313252,0.6666666666666666,0.6666666666666666,4.333333333333333,1,8320,1.0576923076923077,3:8:4
Attn_O_proj,Non-MoE,3,8,4,39360,39360,28416,43488,0.902390438247012,0.3333333333333333,0.3333333333333333,2.0,1,37512,1.0492642354446577,3:8:4
Router_logits,Non-MoE,3,8,4,3712,3712,2656,4000,0.8361204013377926,0.6666666666666666,0.6666666666666666,4.333333333333333,1,3334,1.113377324535093,3:8:4
MoE-E0-FF1,Expert-FF1,3,8,4,22140,22140,15984,26892,0.8412162162162162,0.2,0.2,1.375,1,21276,1.0406091370558375,3:8:4
MoE-E0-FF2,Expert-FF2,3,8,4,22560,22560,17160,26388,0.8431748466257669,0.2,0.2,1.375,1,21612,1.0438645197112715,3:8:4
MoE-E1-FF1,Expert-FF1,3,8,4,3690,3690,2664,4194,0.8825757575757576,0.2,0.2,2.0,1,3528,1.0459183673469388,3:8:4
MoE-E1-FF2,Expert-FF2,3,8,4,3600,3600,2412,4302,0.8786764705882353,0.1333333333333333,0.1333333333333333,1.5,1,3456,1.0416666666666667,3:8:4
MoE-E2-FF1,Expert-FF1,3,8,4,31320,31320,22392,37584,0.8097207859358841,0.1333333333333333,0.1333333333333333,1.25,1,30312,1.0332541567695963,3:8:4
MoE-E2-FF2,Expert-FF2,3,8,4,31590,31590,23958,36936,0.8114948589506986,0.2,0.2,1.6666666666666667,1,30474,1.0366213821618429,3:8:4
MoE-E3-FF1,Expert-FF1,3,8,4,3744,3744,2664,4200,0.8333333333333334,0.1333333333333333,0.1333333333333333,1.25,1,3618,1.0348258706467661,3:8:4
MoE-E3-FF2,Expert-FF2,3,8,4,3744,3744,2664,4200,0.8333333333333334,0.1333333333333333,0.1333333333333333,1.25,1,3618,1.0348258706467661,3:8:4
MoE-E4-FF1,Expert-FF1,3,8,4,16110,16110,11466,19224,0.7958271236959762,0.1333333333333333,0.1333333333333333,1.25,1,15642,1.0299194476409665,3:8:4
MoE-E4-FF2,Expert-FF2,3,8,4,16170,16170,12174,18936,0.7973724103082365,0.2,0.2,1.3333333333333333,1,15654,1.032962821004216,3:8:4
MoE-E5-FF1,Expert-FF1,3,8,4,8628,8628,6180,10464,0.8226415094339623,0.1333333333333333,0.1333333333333333,1.25,1,8376,1.0300859598853869,3:8:4
MoE-E5-FF2,Expert-FF2,3,8,4,8706,8706,6474,10344,0.8240917782026769,0.1333333333333333,0.1333333333333333,1.25,1,8436,1.0320056899004268,3:8:4
MoE-E6-FF1,Expert-FF1,3,8,4,8280,8280,5850,9825,0.7769869513641756,0.2,0.2,1.375,1,8130,1.018450184501845,3:8:4
MoE-E6-FF2,Expert-FF2,3,8,4,8280,8280,6174,9708,0.779383429672447,0.2,0.2,1.375,1,8100,1.0222222222222221,3:8:4
MoE-E7-FF1,Expert-FF1,3,8,4,7605,7605,5355,8910,0.7605633802816901,0.2666666666666666,0.2666666666666666,1.5,1,7455,1.0201207243460764,3:8:4
MoE-E7-FF2,Expert-FF2,3,8,4,7578,7578,5652,8802,0.7624740124740125,0.2666666666666666,0.2666666666666666,1.5,1,7392,1.0251623376623376,3:8:4
Attn_Q_proj,Non-MoE,2,6,7,40416,40416,29472,43848,0.9098605577689244,0.2666666666666666,0.2666666666666666,3.0,1,37512,1.0774152271273192,2:6:7
Attn_K_proj,Non-MoE,2,6,7,40416,40416,29472,43848,0.9098605577689244,0.2666666666666666,0.2666666666666666,3.0,1,37512,1.0774152271273192,2:6:7
Attn_V_proj,Non-MoE,2,6,7,40416,40416,29472,43848,0.9098605577689244,0.2666666666666666,0.2666666666666666,3.0,1,37512,1.0774152271273192,2:6:7
QKT_head,Non-MoE,2,6,7,7808,7808,3456,10704,0.8621134020618557,0.4,0.4,1.8571428571428568,1,7144,1.0929451287793952,2:6:7
QKTV_head,Non-MoE,2,6,7,9040,9040,6704,9696,0.9126506024096386,0.7333333333333333,0.7333333333333333,6.5,1,8320,1.0865384615384615,2:6:7
Attn_O_proj,Non-MoE,2,6,7,40416,40416,29472,43848,0.9098605577689244,0.2666666666666666,0.2666666666666666,3.0,1,37512,1.0774152271273192,2:6:7
Router_logits,Non-MoE,2,6,7,3904,3904,2848,4060,0.8486622073578596,0.7333333333333333,0.7333333333333333,6.5,1,3334,1.1709658068386324,2:6:7
MoE-E0-FF1,Expert-FF1,2,6,7,22734,22734,16578,27702,0.8665540540540541,0.3333333333333333,0.3333333333333333,1.8333333333333333,1,21276,1.0685279187817258,2:6:7
MoE-E0-FF2,Expert-FF2,2,6,7,23196,23196,17796,27324,0.8730828220858896,0.4,0.4,1.8333333333333333,1,21612,1.07329261521377,2:6:7
MoE-E1-FF1,Expert-FF1,2,6,7,3789,3789,2763,4257,0.8958333333333334,0.2666666666666666,0.2666666666666666,3.0,1,3528,1.0739795918367347,2:6:7
MoE-E1-FF2,Expert-FF2,2,6,7,3690,3690,2502,4338,0.8860294117647058,0.0666666666666666,0.0666666666666666,1.5,1,3456,1.0677083333333333,2:6:7
MoE-E2-FF1,Expert-FF1,2,6,7,32256,32256,23328,38952,0.8391933815925543,0.2,0.2,1.5,1,30312,1.0641330166270784,2:6:7
MoE-E2-FF2,Expert-FF2,2,6,7,32580,32580,24948,38466,0.8451094120748748,0.4,0.4,2.5,1,30474,1.069108092144123,2:6:7
MoE-E3-FF1,Expert-FF1,2,6,7,3846,3846,2766,4308,0.8547619047619047,0.3333333333333333,0.3333333333333333,1.6666666666666667,1,3618,1.0630182421227197,2:6:7
MoE-E3-FF2,Expert-FF2,2,6,7,3846,3846,2766,4308,0.8547619047619047,0.3333333333333333,0.3333333333333333,1.6666666666666667,1,3618,1.0630182421227197,2:6:7
MoE-E4-FF1,Expert-FF1,2,6,7,16614,16614,11970,19980,0.827123695976155,0.2666666666666666,0.2666666666666666,1.6666666666666667,1,15642,1.0621403912543153,2:6:7
MoE-E4-FF2,Expert-FF2,2,6,7,16698,16698,12702,19764,0.8322385042950985,0.4,0.4,2.0,1,15654,1.0666922192410886,2:6:7
MoE-E5-FF1,Expert-FF1,2,6,7,8892,8892,6444,10824,0.8509433962264151,0.2666666666666666,0.2666666666666666,1.6666666666666667,1,8376,1.0616045845272206,2:6:7
MoE-E5-FF2,Expert-FF2,2,6,7,8982,8982,6750,10740,0.8556405353728489,0.3333333333333333,0.3333333333333333,1.6666666666666667,1,8436,1.0647226173541964,2:6:7
MoE-E6-FF1,Expert-FF1,2,6,7,8520,8520,6090,10305,0.8149466192170819,0.3333333333333333,0.3333333333333333,1.8333333333333333,1,8130,1.047970479704797,2:6:7
MoE-E6-FF2,Expert-FF2,2,6,7,8538,8538,6432,10224,0.8208092485549133,0.4,0.4,1.8333333333333333,1,8100,1.0540740740740742,2:6:7
MoE-E7-FF1,Expert-FF1,2,6,7,7860,7860,5610,9405,0.8028169014084507,0.4,0.4,2.0,1,7455,1.0543259557344065,2:6:7
MoE-E7-FF2,Expert-FF2,2,6,7,7842,7842,5916,9324,0.8076923076923077,0.4,0.4,2.0,1,7392,1.0608766233766234,2:6:7
